Country,2018,2019,2021,2022,CAF_2018,CAF_2019,CAF_2021,CAF_2022
Afghanistan,502.06,500.52,368.75,174.0,19.0,31.0,,21.0
Albania,5287.66,5396.22,6492.87,14218.0,26.0,23.0,33.0,34.0
Algeria,4171.8,4022.15,3690.63,11112.0,28.0,,31.0,30.0
Angola,2487.5,2142.24,1953.53,127.0,,,,
Antigua and Barbuda,17527.17,18319.46,15781.4,18618.0,,,,
Argentina,11795.16,9963.67,10636.12,64.0,28.0,28.0,32.0,47.0
Armenia,4391.92,4828.51,4966.51,13261.0,23.0,21.0,,29.0
Aruba,30220.59,31650.76,29342.1,29090.0,,,,
Australia,57207.87,54941.43,60443.11,51680.0,59.0,56.0,49.0,55.0
Austria,51466.56,50070.4,53637.71,55218.0,44.0,45.0,34.0,45.0
Azerbaijan,4739.84,4805.75,5388.0,14431.0,18.0,24.0,,
Bahrain,25415.85,25869.11,26562.97,23.0,53.0,,45.0,
Bangladesh,1963.41,2122.08,2457.92,140.0,31.0,26.0,33.0,
Barbados,18224.89,19002.96,17225.46,13553.0,,,,
Belarus,6360.06,6837.72,7302.26,20187.0,23.0,25.0,,
Belgium,47544.98,46638.68,51247.01,51096.0,41.0,36.0,21.0,
Belize,6059.16,6210.57,6228.27,131.0,,,,
Benin,1194.44,1170.97,1319.15,160.0,26.0,23.0,29.0,32.0
Bhutan,3210.71,3303.96,3266.36,102.0,,,,
Bolivia (Plurinational State of),3471.01,3472.38,3345.2,122.0,28.0,31.0,35.0,43.0
Bosnia and Herzegovina,5936.1,6011.37,7143.31,15047.0,28.0,,,44.0
Botswana,6947.8,6679.17,6805.22,78.0,27.0,30.0,,
Brazil,9121.08,8845.26,7507.16,85.0,23.0,28.0,35.0,47.0
Bulgaria,9446.72,9879.33,12221.5,23817.0,22.0,19.0,37.0,41.0
Burkina Faso,779.2,772.17,893.08,178.0,29.0,25.0,,39.0
Burundi,231.45,216.97,221.48,194.0,,,,
Cambodia,1533.32,1671.39,1625.24,4695.0,18.0,24.0,28.0,19.0
Cameroon,1594.06,1538.69,1666.93,157.0,34.0,33.0,43.0,37.0
Canada,46548.64,46328.67,51987.94,48720.0,49.0,55.0,38.0,51.0
Central African Republic,435.93,426.41,461.14,191.0,32.0,,,
Chad,720.27,701.62,685.69,184.0,27.0,25.0,,
Chile,15795.71,14631.95,16265.1,61.0,34.0,37.0,39.0,38.0
China,9905.34,10143.84,12556.33,17192.0,17.0,16.0,28.0,42.0
Colombia,6782.04,6438.06,6104.14,88.0,29.0,35.0,35.0,42.0
Comoros,1531.34,1510.8,1577.47,163.0,,,,
Costa Rica,12383.15,12669.34,12472.44,67.0,34.0,38.0,30.0,44.0
Croatia,15244.43,15331.88,17685.33,27717.0,20.0,21.0,30.0,37.0
Cyprus,29418.94,29417.14,31551.82,36.0,43.0,41.0,32.0,40.0
Denmark,61591.93,59592.98,68007.76,58932.0,46.0,44.0,37.0,46.0
Djibouti,2755.84,2876.04,3150.44,145.0,,,,
Dominica,7833.2,8561.59,7653.17,11072.0,,,,
Dominican Republic,7947.16,8173.34,8476.75,18608.0,39.0,39.0,39.0,44.0
Ecuador,6321.35,6233.26,5965.13,111.0,24.0,24.0,29.0,42.0
El Salvador,4145.86,4280.29,4551.18,121.0,22.0,25.0,31.0,36.0
Equatorial Guinea,8719.19,7317.39,7506.67,76.0,,,,
Estonia,23165.85,23424.48,27943.7,38834.0,26.0,25.0,30.0,40.0
Eswatini,4020.27,3843.38,3978.4,119.0,,,,
Ethiopia,758.3,840.45,925.08,165.0,27.0,26.0,44.0,
Fiji,6073.34,5968.3,4646.61,11567.0,,,,
Finland,49987.63,48629.86,53654.75,49853.0,40.0,41.0,31.0,37.0
France,41557.85,40494.9,43658.98,46062.0,32.0,30.0,25.0,32.0
Gabon,7694.91,7523.86,8635.33,81.0,24.0,27.0,26.0,34.0
Georgia,4722.04,4696.15,5023.27,14918.0,24.0,21.0,40.0,31.0
Germany,47939.28,46793.69,51203.55,54076.0,46.0,43.0,30.0,41.0
Ghana,2180.04,2167.91,2363.3,134.0,42.0,38.0,47.0,43.0
Greece,19756.99,19144.28,20192.6,28748.0,17.0,16.0,26.0,32.0
Grenada,9574.28,9887.92,9010.57,15431.0,,,,
Guatemala,4485.73,4647.69,5025.54,123.0,34.0,40.0,,
Guinea,944.42,1043.9,1189.18,169.0,32.0,34.0,,47.0
Guinea-Bissau,781.64,730.61,795.12,175.0,,,,
Guyana,6094.91,6477.3,9998.54,68.0,,,,
Haiti,1494.22,1324.84,1829.59,2916.0,49.0,40.0,,
Honduras,2457.69,2519.37,2771.72,137.0,39.0,36.0,,46.0
Hungary,16425.1,16782.95,18728.12,33030.0,23.0,23.0,31.0,40.0
Iceland,74461.48,68853.72,68727.64,55596.0,48.0,,36.0,46.0
India,1974.38,2047.23,2256.59,128.0,22.0,26.0,44.0,40.0
Indonesia,3902.66,4151.23,4332.71,12222.0,59.0,50.0,69.0,68.0
Iraq,5601.47,5621.18,4775.38,115.0,43.0,34.0,39.0,37.0
Ireland,79250.39,80927.07,100172.08,94392.0,56.0,56.0,40.0,49.0
Israel,42406.85,44452.23,52170.71,35.0,42.0,39.0,28.0,37.0
Italy,34622.17,33673.75,35657.5,40861.0,33.0,33.0,22.0,29.0
Jamaica,5594.49,5626.17,5183.58,9975.0,36.0,,34.0,46.0
Japan,39727.12,40458.0,39312.66,42248.0,22.0,23.0,12.0,20.0
Jordan,4146.41,4205.56,4103.26,113.0,30.0,25.0,26.0,32.0
Kazakhstan,9812.63,9812.6,10373.79,26565.0,28.0,26.0,28.0,34.0
Kenya,1845.78,1970.11,2081.8,147.0,54.0,47.0,58.0,61.0
Kiribati,1605.01,1432.18,1606.46,2200.0,,,,
Latvia,17865.03,17945.22,21148.16,31509.0,19.0,22.0,25.0,29.0
Lebanon,9225.85,8985.57,4136.15,107.0,28.0,30.0,24.0,24.0
Lesotho,1161.73,1102.56,1094.1,167.0,28.0,,,
Liberia,700.04,665.88,675.66,186.0,47.0,44.0,,
Libya,11838.01,10542.15,6357.2,5893.0,45.0,,,
Lithuania,19186.36,19595.14,23723.34,38824.0,19.0,19.0,28.0,37.0
Luxembourg,116786.51,112621.82,133590.15,118001.0,41.0,40.0,,
Madagascar,512.54,512.28,500.51,185.0,27.0,21.0,,
Malawi,537.93,584.36,634.84,190.0,35.0,38.0,,39.0
Malaysia,11074.06,11132.02,11109.26,27402.0,,,,
Maldives,10823.64,11118.56,10366.29,69.0,,,,
Mali,856.36,840.18,873.79,173.0,28.0,24.0,31.0,38.0
Malta,31567.94,31198.24,33486.67,42856.0,47.0,47.0,31.0,45.0
Marshall Islands,4769.19,5188.97,6172.15,3786.0,,,,
Mauritania,1749.95,1839.96,2166.05,133.0,20.0,25.0,,
Mauritius,11645.98,11405.73,9106.24,65.0,46.0,,34.0,37.0
Mexico,9857.03,10145.17,10045.68,72.0,24.0,28.0,32.0,44.0
"Moldova, Republic of",4232.21,4493.37,5230.66,12811.0,27.0,26.0,,
Mongolia,4165.02,4394.95,4566.14,11825.0,39.0,38.0,44.0,46.0
Morocco,3492.67,3498.57,3795.38,7620.0,26.0,26.0,23.0,31.0
Mozambique,504.54,508.16,491.84,187.0,29.0,,,34.0
Myanmar,1274.92,1295.2,1209.93,5242.0,54.0,58.0,51.0,52.0
Namibia,5687.4,5126.18,4865.56,118.0,32.0,,37.0,35.0
Nauru,10400.99,9786.03,10648.14,9856.0,,,,
Nepal,1161.53,1185.68,1208.22,152.0,37.0,33.0,40.0,40.0
Netherlands,53044.53,52476.27,57767.88,57534.0,51.0,53.0,37.0,46.0
New Zealand,43250.44,42865.23,48781.03,42018.0,58.0,57.0,47.0,54.0
Nicaragua,1981.86,1890.27,2045.54,136.0,33.0,30.0,37.0,40.0
Niger,567.33,550.96,590.63,188.0,32.0,24.0,,
Nigeria,2125.83,2204.18,2065.75,142.0,48.0,42.0,52.0,48.0
North Macedonia,6108.74,6070.39,6694.64,16712.0,20.0,,,
Norway,82267.81,75719.75,89154.28,65800.0,50.0,,36.0,45.0
Oman,19887.57,19132.15,19509.47,50.0,,,,
Pakistan,1620.74,1437.17,1505.01,144.0,28.0,29.0,25.0,29.0
Palau,15948.28,15567.09,12083.89,14309.0,,,,
Panama,15588.34,15826.08,14617.6,56.0,30.0,35.0,,36.0
Papua New Guinea,2584.3,2593.8,2672.95,3833.0,,,,
Paraguay,6242.96,5807.84,5891.5,97.0,34.0,32.0,41.0,44.0
Peru,6912.11,6955.81,6621.57,104.0,27.0,28.0,34.0,39.0
Philippines,3194.67,3413.85,3460.53,8452.0,28.0,39.0,33.0,47.0
Poland,15504.58,15699.91,17999.91,34103.0,24.0,25.0,38.0,47.0
Portugal,23562.55,23330.82,24567.51,34043.0,28.0,25.0,20.0,26.0
Puerto Rico,31615.07,32916.87,32640.71,34025.0,,,,
Qatar,66264.08,62637.28,66838.36,4.0,,,,
Romania,12494.48,12958.08,14858.23,30526.0,27.0,24.0,28.0,30.0
Rwanda,769.44,806.88,822.35,176.0,26.0,21.0,,
Samoa,4188.99,4308.27,3857.32,5653.0,,,,
Saudi Arabia,23318.74,22430.24,23185.87,25.0,37.0,34.0,35.0,36.0
Senegal,1484.24,1462.35,1636.89,158.0,28.0,28.0,35.0,40.0
Serbia,7252.4,7417.2,9230.18,19146.0,21.0,19.0,35.0,46.0
Seychelles,16910.69,17253.51,14653.31,58.0,,,,
Sierra Leone,519.65,506.61,480.04,183.0,47.0,42.0,,51.0
Singapore,66859.34,65831.19,72794.0,97057.0,54.0,35.0,,45.0
Slovenia,26123.75,26016.08,29291.4,40067.0,39.0,38.0,28.0,39.0
Solomon Islands,2450.48,2398.77,2304.84,2455.0,,,,
Somalia,379.99,405.79,446.98,192.0,,,,
South Africa,7048.52,6688.79,7055.04,103.0,41.0,36.0,41.0,35.0
Spain,30379.72,29581.52,30103.51,39121.0,36.0,32.0,27.0,32.0
Sri Lanka,4360.58,4082.69,4013.69,94.0,45.0,51.0,34.0,44.0
Sudan,769.87,748.01,751.82,4098.0,,,,
Suriname,6730.85,6690.04,4869.13,86.0,,,,
Sweden,54589.06,51939.43,61028.74,54146.0,41.0,40.0,34.0,42.0
Switzerland,85217.37,84121.93,91991.6,72874.0,45.0,45.0,28.0,37.0
Tajikistan,850.67,889.02,897.05,156.0,42.0,36.0,45.0,39.0
"Tanzania, United Republic of",1010.94,1052.02,1099.29,166.0,28.0,,,
Thailand,7124.56,7630.04,7066.19,18236.0,34.0,42.0,46.0,48.0
Timor-Leste,1239.37,1584.26,2741.39,3382.0,,,,
Togo,883.87,875.93,973.21,180.0,24.0,,,34.0
Tonga,4649.58,4879.02,4426.0,6191.0,,,,
Trinidad and Tobago,16164.16,15690.96,16032.5,25031.0,46.0,,,
Tunisia,3577.12,3477.88,3807.14,10120.0,20.0,24.0,29.0,28.0
Tuvalu,4401.13,4949.17,5632.0,4497.0,,,,
Uganda,793.13,823.14,883.89,171.0,39.0,38.0,46.0,46.0
Ukraine,3096.56,3661.46,4835.57,13110.0,29.0,24.0,43.0,49.0
United Arab Emirates,46722.27,45376.17,44315.55,11.0,51.0,45.0,44.0,47.0
United Kingdom of Great Britain and Northern Ireland,43306.31,42747.08,46510.28,44117.0,55.0,54.0,41.0,47.0
United States of America,62823.31,65120.39,70248.63,63416.0,58.0,58.0,,59.0
Uruguay,18825.28,17859.93,17313.19,62.0,30.0,30.0,32.0,40.0
Uzbekistan,1597.07,1784.01,1983.06,126.0,36.0,41.0,40.0,38.0
Vanuatu,3076.84,3076.59,2996.62,2586.0,,,,
Viet Nam,3267.23,3491.09,3756.49,10869.0,,,,
Zambia,1475.2,1268.12,1137.34,162.0,46.0,39.0,43.0,50.0
Zimbabwe,2269.18,1421.87,1773.92,168.0,30.0,29.0,37.0,31.0
